{
  "Tool Reforge Stats": "",
  "Worthless Name": "Worthless",
  "Worthless Negative Attack Speed Display": "10%",
  "Worthless Negative Attack Speed Stat": 0.055,
  "Worthless Negative Attack Damage Display": "10%",
  "Worthless Negative Attack Damage Stat": 0.1,
  "Broken Name": "Broken",
  "Broken Negative Attack Damage Display": "15%",
  "Broken Negative Attack Damage Stat": 0.15,
  "Bulky Name": "Bulky",
  "Bulky Negative Attack Speed Display": "15%",
  "Bulky Negative Attack Speed Stat": 0.1,
  "Rusted Name": "Rusted",
  "Rusted Negative Attack Damage Display": "10%",
  "Rusted Negative Attack Damage Stat": 0.1,
  "Clumsy Name": "Clumsy",
  "Clumsy Negative Attack Damage Display": "5%",
  "Clumsy Negative Attack Damage Stat": 0.05,
  "Chipped Name": "Chipped",
  "Chipped Negative Attack Speed Display": "5%",
  "Chipped Negative Attack Speed Stat": 0.025,
  "Chipped Negative Attack Damage Display": "5%",
  "Chipped Negative Attack Damage Stat": 0.05,
  "Short Name": "Short",
  "Broad Name": "Broad",
  "Broad Negative Attack Speed Display": "5%",
  "Broad Negative Attack Speed Stat": 0.025,
  "Broad Positive Attack Damage Display": "10%",
  "Broad Positive Attack Damage Stat": 0.1,
  "Thin Name": "Thin",
  "Thin Positive Attack Speed Display": "10%",
  "Thin Positive Attack Speed Stat": 0.055,
  "Thin Negative Attack Damage Display": "5%",
  "Thin Negative Attack Damage Stat": 0.05,
  "Pokey Name": "Pokey",
  "Pokey Positive Attack Damage Display": "5%",
  "Pokey Positive Attack Damage Stat": 0.05,
  "Vicious Name": "Vicious",
  "Vicious Positive Attack Damage Display": "15%",
  "Vicious Positive Attack Damage Stat": 0.15,
  "Long Name": "Long",
  "Sharp Name": "Sharp",
  "Sharp Positive Attack Damage Display": "10%",
  "Sharp Positive Attack Damage Stat": 0.1,
  "Keen Name": "Keen",
  "Keen Positive Attack Speed Display": "10%",
  "Keen Positive Attack Speed Stat": 0.055,
  "Keen Positive Attack Damage Display": "10%",
  "Keen Positive Attack Damage Stat": 0.1,
  "Graceful Name": "Graceful",
  "Graceful Positive Attack Speed Display": "15%",
  "Graceful Positive Attack Speed Stat": 0.1,
  "Sweeping Name": "Sweeping",
  "Sweeping Positive Attack Speed Display": "20%",
  "Sweeping Positive Attack Speed Stat": 0.125,
  "Legendary Name": "Legendary",
  "Legendary Positive Attack Speed Display": "10%",
  "Legendary Positive Attack Speed Stat": 0.055,
  "Legendary Positive Attack Damage Display": "15%",
  "Legendary Positive Attack Damage Stat": 0.15,
  "Bow/Crossbow Reforge Stats": "",
  "Cracked Name": "Cracked",
  "Cracked Negative Projectile Damage Display": "15%",
  "Cracked Negative Projectile Damage Stat": 0.15,
  "Clumsy Bow Name": "Clumsy",
  "Clumsy Bow Negative Projectile Damage Display": "5%",
  "Clumsy Bow Negative Projectile Damage Stat": 0.05,
  "Light Name": "Light",
  "Light Positive Projectile Damage Display": "5%",
  "Light Positive Projectile Damage Stat": 0.05,
  "Powerful Name": "Powerful",
  "Powerful Positive Projectile Damage Display": "10%",
  "Powerful Positive Projectile Damage Stat": 0.1,
  "Legendary Bow Name": "Legendary",
  "Legendary Bow Positive Projectile Damage Display": "15%",
  "Legendary Bow Positive Projectile Damage Stat": 0.15,
  "Armor Reforge Stats": "",
  "Crumbling Name": "Crumbling",
  "Crumbling Negative Armor Toughness Display": "1",
  "Crumbling Negative Armor Toughness Stat": 1,
  "Crumbling Negative Armor Display": "1.5",
  "Crumbling Negative Armor Stat": 1.5,
  "Dented Name": "Dented",
  "Dented Negative Armor Display": "1",
  "Dented Negative Armor Stat": 1,
  "Heavy Name": "Heavy",
  "Heavy Negative Speed Display": "10%",
  "Heavy Negative Speed Stat": 0.1,
  "Thick Name": "Thick",
  "Thick Negative Speed Display": "5%",
  "Thick Negative Speed Stat": 0.05,
  "Thick Positive Armor Display": "1",
  "Thick Positive Armor Stat": 1,
  "Lucky Name": "Lucky",
  "Lucky Positive Luck Display": "0.5",
  "Lucky Positive Luck Stat": 0.5,
  "Springy Name": "Springy",
  "Speedy Name": "Speedy",
  "Speedy Positive Speed Display": "10%",
  "Speedy Positive Speed Stat": 0.1,
  "Tough Name": "Tough",
  "Tough Positive Armor Toughness Display": "1",
  "Tough Positive Armor Toughness Stat": 1,
  "Protective Name": "Protective",
  "Protective Positive Armor Display": "1",
  "Protective Positive Armor Stat": 1,
  "Solid Name": "Solid",
  "Solid Positive Knockback Resistance Display": "0.5",
  "Solid Positive Knockback Resistance Stat": 0.5,
  "Masterful Name": "Masterful",
  "Masterful Positive Armor Toughness Display": "1",
  "Masterful Positive Armor Toughness Stat": 1,
  "Masterful Positive Armor Display": "1",
  "Masterful Positive Armor Stat": 1,
  "Masterful Positive Knockback Resistance Display": "0.5",
  "Masterful Positive Knockback Resistance Stat": 0.5,
  "Shield Reforge Stats": "",
  "Heavy Shield Name": "Heavy",
  "Heavy Shield Negative Speed Display": "10%",
  "Heavy Shield Negative Speed Stat": 0.1,
  "Thick Shield Name": "Thick",
  "Thick Shield Negative Speed Display": "5%",
  "Thick Shield Negative Speed Stat": 0.05,
  "Thick Shield Positive Armor Display": "0.5",
  "Thick Shield Positive Armor Stat": 0.5,
  "Solid Shield Name": "Solid",
  "Solid Shield Positive Knockback Resistance Display": "0.5",
  "Solid Shield Positive Knockback Resistance Stat": 0.5
}